,LoanID,CustomerID_x,LoanType_x,LoanAmount_x,InterestRate_x,TenureMonths_x,DefaultFlag_x,CustomerID_y,LoanType_y,LoanAmount_y,InterestRate_y,TenureMonths_y,DefaultFlag_y
0,34000,328,Personal,6086,3,10,0,328,Personal,6086,3,10,0
1,68225,294,Student,6449,5,10,1,294,Student,6449,5,10,1
2,55218,51,Home,9509,3,8,1,51,Home,9509,3,8,1
3,52255,367,Personal,9447,7,9,1,367,Personal,9447,7,9,1
4,94286,370,Student,7436,7,3,1,370,Student,7436,7,3,1
5,30318,296,Home,8147,2,3,1,296,Home,8147,2,3,1
6,2311,630,Personal,5844,5,1,1,630,Personal,5844,5,1,1
7,52559,176,Student,6252,6,8,0,176,Student,6252,6,8,0
8,46585,378,Home,7977,7,8,1,378,Home,7977,7,8,1
9,9451,254,Personal,8999,3,6,0,254,Personal,8999,3,6,0
10,53537,556,Student,6942,2,10,0,556,Student,6942,2,10,0
11,21469,261,Home,7058,2,7,1,261,Home,7058,2,7,1
12,55352,92,Personal,7914,4,8,0,92,Personal,7914,4,8,0
13,54081,641,Student,8078,2,3,1,641,Student,8078,2,3,1
14,67442,459,Home,9362,3,9,1,459,Home,9362,3,9,1
15,88391,14,Personal,7059,2,3,0,14,Personal,7059,2,3,0
16,90107,91,Student,9190,5,12,1,91,Student,9190,5,12,1
17,93267,243,Home,8279,2,5,1,243,Home,8279,2,5,1
18,91952,391,Personal,5588,3,4,0,391,Personal,5588,3,4,0
19,3607,610,Student,7884,4,5,1,610,Student,7884,4,5,1
20,92488,766,Home,6592,4,6,1,766,Home,6592,4,6,1
21,3684,366,Personal,6934,3,3,1,366,Personal,6934,3,3,1
22,61529,496,Student,6548,4,6,1,496,Student,6548,4,6,1
23,61132,318,Home,9230,7,2,0,318,Home,9230,7,2,0
24,27514,163,Personal,9510,4,5,0,163,Personal,9510,4,5,0
25,83264,165,Student,5661,7,12,1,165,Student,5661,7,12,1
26,92077,190,Home,5352,5,3,0,190,Home,5352,5,3,0
27,96377,594,Personal,6021,7,10,1,594,Personal,6021,7,10,1
28,6475,564,Student,8649,2,6,0,564,Student,8649,2,6,0
29,20745,175,Home,8605,7,12,1,175,Home,8605,7,12,1
30,94199,179,Personal,9903,2,7,0,179,Personal,9903,2,7,0
31,85222,956,Student,5297,4,6,1,956,Student,5297,4,6,1
32,13098,270,Home,5310,6,8,0,270,Home,5310,6,8,0
33,69343,609,Personal,8187,4,10,0,609,Personal,8187,4,10,0
34,14132,544,Student,7012,6,7,0,544,Student,7012,6,7,0
35,65148,624,Home,6352,2,6,1,624,Home,6352,2,6,1
36,8343,400,Personal,6610,2,6,0,400,Personal,6610,2,6,0
37,38649,660,Student,7084,5,12,1,660,Student,7084,5,12,1
38,83886,792,Home,8534,4,3,1,792,Home,8534,4,3,1
39,30945,602,Personal,7518,4,1,1,602,Personal,7518,4,1,1
40,46457,863,Student,6140,5,3,0,863,Student,6140,5,3,0
41,51301,489,Home,6660,7,5,0,489,Home,6660,7,5,0
42,62915,952,Personal,8398,2,8,0,952,Personal,8398,2,8,0
43,45904,994,Student,6354,3,12,0,994,Student,6354,3,12,0
44,98192,237,Home,6210,5,2,1,237,Home,6210,5,2,1
45,73166,234,Personal,9682,2,7,0,234,Personal,9682,2,7,0
46,56074,769,Student,7214,5,11,1,769,Student,7214,5,11,1
47,24546,767,Home,9138,5,8,0,767,Home,9138,5,8,0
48,92037,990,Personal,7502,2,2,0,990,Personal,7502,2,2,0
49,66371,103,Student,9917,4,5,0,103,Student,9917,4,5,0
50,28878,496,Home,6252,7,5,1,496,Home,6252,7,5,1
51,46284,406,Personal,7706,2,10,1,406,Personal,7706,2,10,1
52,88236,738,Student,8883,3,1,0,738,Student,8883,3,1,0
53,1283,838,Home,6973,6,10,1,838,Home,6973,6,10,1
54,87703,124,Personal,5766,6,2,1,124,Personal,5766,6,2,1
55,97666,16,Student,6153,4,5,0,16,Student,6153,4,5,0
56,85165,696,Home,9900,5,12,1,696,Home,9900,5,12,1
57,76556,795,Personal,5204,3,6,1,795,Personal,5204,3,6,1
58,23318,343,Student,5798,2,10,0,343,Student,5798,2,10,0
59,24687,95,Home,5380,4,2,1,95,Home,5380,4,2,1
60,46005,887,Personal,8413,5,9,1,887,Personal,8413,5,9,1
61,1233,9,Student,6700,3,1,0,9,Student,6700,3,1,0
62,64732,533,Home,8479,7,4,1,533,Home,8479,7,4,1
63,87101,236,Personal,5413,4,9,1,236,Personal,5413,4,9,1
64,48014,248,Student,9975,6,6,0,248,Student,9975,6,6,0
65,65851,13,Home,6544,6,5,0,13,Home,6544,6,5,0
66,59828,233,Personal,8425,3,10,0,233,Personal,8425,3,10,0
67,55817,995,Student,8419,2,12,1,995,Student,8419,2,12,1
68,65649,411,Home,8292,2,5,0,411,Home,8292,2,5,0
69,90261,688,Personal,9588,5,5,0,688,Personal,9588,5,5,0
70,4557,89,Student,8083,2,9,0,89,Student,8083,2,9,0
71,84445,624,Home,9103,4,12,1,624,Home,9103,4,12,1
72,31892,522,Personal,5883,6,11,1,522,Personal,5883,6,11,1
73,24374,959,Student,7316,2,3,1,959,Student,7316,2,3,1
74,32861,50,Home,6167,2,1,0,50,Home,6167,2,1,0
75,72264,772,Personal,5768,7,6,1,772,Personal,5768,7,6,1
76,34370,346,Student,5384,5,4,1,346,Student,5384,5,4,1
77,34286,772,Home,7724,6,6,0,772,Home,7724,6,6,0
78,65112,892,Personal,6201,4,2,0,892,Personal,6201,4,2,0
79,39609,68,Student,6166,7,10,1,68,Student,6166,7,10,1
80,57299,58,Home,5257,7,12,0,58,Home,5257,7,12,0
81,11030,225,Personal,8829,6,10,0,225,Personal,8829,6,10,0
82,57097,306,Student,6072,4,2,1,306,Student,6072,4,2,1
83,24324,618,Home,8905,5,6,0,618,Home,8905,5,6,0
84,22040,528,Personal,8619,5,6,0,528,Personal,8619,5,6,0
85,42112,976,Student,5563,2,2,1,976,Student,5563,2,2,1
86,36732,672,Home,8437,5,5,0,672,Home,8437,5,5,0
87,97240,545,Personal,7845,3,12,0,545,Personal,7845,3,12,0
88,51680,240,Student,8200,5,1,0,240,Student,8200,5,1,0
89,23772,90,Home,5821,2,9,1,90,Home,5821,2,9,1
90,21769,103,Personal,8157,4,3,0,103,Personal,8157,4,3,0
91,92711,631,Student,9391,4,6,0,631,Student,9391,4,6,0
92,27862,960,Home,5914,5,2,1,960,Home,5914,5,2,1
93,45221,869,Personal,5733,4,1,0,869,Personal,5733,4,1,0
94,91594,910,Student,8669,3,1,1,910,Student,8669,3,1,1
95,40097,18,Home,7318,4,1,1,18,Home,7318,4,1,1
96,89372,975,Personal,8432,3,8,0,975,Personal,8432,3,8,0
97,24251,510,Student,8576,7,9,1,510,Student,8576,7,9,1
98,90883,801,Home,9878,6,10,0,801,Home,9878,6,10,0
99,16435,127,Personal,6275,5,2,0,127,Personal,6275,5,2,0
100,1969,92,Student,7013,7,6,0,92,Student,7013,7,6,0
101,69639,449,Home,8711,7,1,1,449,Home,8711,7,1,1
102,60035,236,Personal,9382,4,8,0,236,Personal,9382,4,8,0
103,57091,552,Student,5739,3,1,1,552,Student,5739,3,1,1
104,27679,240,Home,6155,5,2,0,240,Home,6155,5,2,0
105,71418,237,Personal,5611,5,9,0,237,Personal,5611,5,9,0
106,76770,706,Student,9843,4,10,0,706,Student,9843,4,10,0
107,89826,414,Home,9351,6,5,0,414,Home,9351,6,5,0
108,66246,916,Personal,5147,3,6,1,916,Personal,5147,3,6,1
109,83072,141,Student,5383,6,12,0,141,Student,5383,6,12,0
110,15133,972,Home,5816,3,10,1,972,Home,5816,3,10,1
111,74458,288,Personal,5309,5,1,0,288,Personal,5309,5,1,0
112,74458,288,Personal,5309,5,1,0,241,Personal,8819,5,3,0
113,60836,745,Student,6674,3,5,1,745,Student,6674,3,5,1
114,72932,60,Home,9751,2,1,1,60,Home,9751,2,1,1
115,17320,966,Personal,9020,6,2,0,966,Personal,9020,6,2,0
116,74536,482,Student,5857,3,8,0,482,Student,5857,3,8,0
117,39567,293,Home,8939,3,2,1,293,Home,8939,3,2,1
118,40397,461,Personal,7646,6,11,1,461,Personal,7646,6,11,1
119,33945,75,Student,5059,6,9,0,75,Student,5059,6,9,0
120,67449,101,Home,5790,4,10,0,101,Home,5790,4,10,0
121,2004,165,Personal,7234,6,11,1,165,Personal,7234,6,11,1
122,36039,42,Student,5549,7,10,1,42,Student,5549,7,10,1
123,22661,926,Home,6376,6,10,1,926,Home,6376,6,10,1
124,99124,804,Personal,6046,3,3,0,804,Personal,6046,3,3,0
125,82081,431,Student,9098,4,3,0,431,Student,9098,4,3,0
126,68091,586,Home,5441,6,12,1,586,Home,5441,6,12,1
127,99697,572,Personal,9466,2,8,1,572,Personal,9466,2,8,1
128,98010,350,Student,8930,7,5,0,350,Student,8930,7,5,0
129,21056,917,Home,8662,2,2,1,917,Home,8662,2,2,1
130,88875,697,Personal,8686,4,5,1,697,Personal,8686,4,5,1
131,19051,258,Student,7738,7,4,1,258,Student,7738,7,4,1
132,38131,12,Home,7926,4,4,0,12,Home,7926,4,4,0
133,66603,468,Personal,8912,3,7,0,468,Personal,8912,3,7,0
134,1752,210,Student,8788,7,9,1,210,Student,8788,7,9,1
135,9595,193,Home,6547,2,10,0,193,Home,6547,2,10,0
136,75764,884,Personal,5643,4,7,1,884,Personal,5643,4,7,1
137,79359,821,Student,8717,2,9,1,821,Student,8717,2,9,1
138,4888,346,Home,6006,5,6,0,346,Home,6006,5,6,0
139,52443,87,Personal,7911,5,10,1,87,Personal,7911,5,10,1
140,43027,724,Student,7145,6,3,1,724,Student,7145,6,3,1
141,49931,720,Home,7135,2,11,1,720,Home,7135,2,11,1
142,77288,551,Personal,6821,3,12,0,551,Personal,6821,3,12,0
143,22928,61,Student,8492,7,10,0,61,Student,8492,7,10,0
144,93743,565,Home,5491,4,12,1,565,Home,5491,4,12,1
145,72495,816,Personal,9309,7,12,0,816,Personal,9309,7,12,0
146,61164,812,Student,5164,7,7,1,812,Student,5164,7,7,1
147,55829,745,Home,7044,4,1,0,745,Home,7044,4,1,0
148,47891,93,Personal,5306,4,1,0,93,Personal,5306,4,1,0
149,16662,449,Student,5803,5,5,0,449,Student,5803,5,5,0
150,1940,498,Home,7287,2,2,0,498,Home,7287,2,2,0
151,15705,99,Personal,6877,6,9,0,99,Personal,6877,6,9,0
152,52470,214,Student,6054,6,10,0,214,Student,6054,6,10,0
153,88810,463,Home,8481,4,3,1,463,Home,8481,4,3,1
154,52543,147,Personal,8183,4,9,0,147,Personal,8183,4,9,0
155,34456,887,Student,6647,3,6,1,887,Student,6647,3,6,1
156,34706,727,Home,7900,2,10,0,727,Home,7900,2,10,0
157,50677,425,Personal,7020,6,3,1,425,Personal,7020,6,3,1
158,98316,949,Student,8366,4,8,1,949,Student,8366,4,8,1
159,69311,284,Home,5192,2,6,0,284,Home,5192,2,6,0
160,80684,318,Personal,7303,4,2,1,318,Personal,7303,4,2,1
161,94624,400,Student,9285,2,2,1,400,Student,9285,2,2,1
162,89847,423,Home,9368,2,5,1,423,Home,9368,2,5,1
163,91850,430,Personal,6953,3,6,0,430,Personal,6953,3,6,0
164,16366,278,Student,7811,4,10,0,278,Student,7811,4,10,0
165,47877,677,Home,8391,6,1,1,677,Home,8391,6,1,1
166,76204,335,Personal,7376,7,1,0,335,Personal,7376,7,1,0
167,26537,281,Student,5503,5,2,0,281,Student,5503,5,2,0
168,17590,768,Home,6891,4,8,0,768,Home,6891,4,8,0
169,92373,227,Personal,9085,2,7,1,227,Personal,9085,2,7,1
170,43471,983,Student,7109,7,7,0,983,Student,7109,7,7,0
171,21187,626,Home,9680,2,5,1,626,Home,9680,2,5,1
172,30054,274,Personal,9569,4,12,1,274,Personal,9569,4,12,1
173,88041,326,Student,6454,3,3,0,326,Student,6454,3,3,0
174,36486,488,Home,6040,7,12,0,488,Home,6040,7,12,0
175,36486,488,Home,6040,7,12,0,807,Personal,7854,4,6,0
176,42865,869,Personal,6890,4,5,1,869,Personal,6890,4,5,1
177,57758,540,Student,9889,5,6,1,540,Student,9889,5,6,1
178,36549,915,Home,9482,7,11,0,915,Home,9482,7,11,0
179,79308,237,Personal,6631,5,11,0,237,Personal,6631,5,11,0
180,1628,136,Student,9269,4,4,0,136,Student,9269,4,4,0
181,59169,892,Home,5950,4,1,1,892,Home,5950,4,1,1
182,55379,602,Personal,9299,7,10,1,602,Personal,9299,7,10,1
183,31408,549,Student,5832,3,6,0,549,Student,5832,3,6,0
184,66525,849,Home,7755,4,12,1,849,Home,7755,4,12,1
185,23208,928,Personal,9931,2,9,0,928,Personal,9931,2,9,0
186,43798,400,Student,6287,6,9,1,400,Student,6287,6,9,1
187,53491,833,Home,5860,6,10,0,833,Home,5860,6,10,0
188,24888,239,Personal,8688,5,5,0,239,Personal,8688,5,5,0
189,57028,686,Student,8198,4,3,0,686,Student,8198,4,3,0
190,22067,564,Home,5088,3,2,1,564,Home,5088,3,2,1
191,98042,768,Personal,9080,2,7,1,768,Personal,9080,2,7,1
192,61198,614,Student,7743,7,11,0,614,Student,7743,7,11,0
193,73619,868,Home,6847,6,2,0,868,Home,6847,6,2,0
194,36486,807,Personal,7854,4,6,0,488,Home,6040,7,12,0
195,36486,807,Personal,7854,4,6,0,807,Personal,7854,4,6,0
196,69204,981,Student,9529,3,9,0,981,Student,9529,3,9,0
197,49780,983,Home,9935,7,12,1,983,Home,9935,7,12,1
198,66668,364,Personal,5207,4,2,0,364,Personal,5207,4,2,0
199,16772,90,Student,8372,2,7,0,90,Student,8372,2,7,0
200,62033,36,Home,6856,2,9,0,36,Home,6856,2,9,0
201,40662,666,Personal,7776,6,4,1,666,Personal,7776,6,4,1
202,48135,263,Student,7906,4,5,1,263,Student,7906,4,5,1
203,70358,682,Home,5176,3,3,1,682,Home,5176,3,3,1
204,46258,206,Personal,6824,3,3,1,206,Personal,6824,3,3,1
205,20994,222,Student,7619,4,2,0,222,Student,7619,4,2,0
206,66543,11,Home,5803,3,11,1,11,Home,5803,3,11,1
207,6009,886,Personal,9961,6,5,0,886,Personal,9961,6,5,0
208,90232,898,Student,6656,3,11,0,898,Student,6656,3,11,0
209,37582,264,Home,5896,7,9,1,264,Home,5896,7,9,1
210,37282,207,Personal,7795,2,12,1,207,Personal,7795,2,12,1
211,60409,636,Student,8171,7,1,1,636,Student,8171,7,1,1
212,9652,681,Home,5264,4,1,1,681,Home,5264,4,1,1
213,84456,513,Personal,6070,7,10,1,513,Personal,6070,7,10,1
214,34691,359,Student,5800,4,10,0,359,Student,5800,4,10,0
215,37752,433,Home,8464,5,1,1,433,Home,8464,5,1,1
216,53024,165,Personal,7252,6,8,0,165,Personal,7252,6,8,0
217,9101,678,Student,9423,6,12,1,678,Student,9423,6,12,1
218,1285,176,Home,5457,3,8,0,176,Home,5457,3,8,0
219,69022,801,Personal,9541,4,12,1,801,Personal,9541,4,12,1
220,89691,845,Student,7442,6,5,1,845,Student,7442,6,5,1
221,66810,356,Home,7792,5,2,0,356,Home,7792,5,2,0
222,14415,944,Personal,9397,3,10,0,944,Personal,9397,3,10,0
223,71078,450,Student,7665,5,5,0,450,Student,7665,5,5,0
224,18109,330,Home,8473,5,3,1,330,Home,8473,5,3,1
225,41250,468,Personal,7003,5,12,0,468,Personal,7003,5,12,0
226,47597,825,Student,9046,2,2,0,825,Student,9046,2,2,0
227,50037,523,Home,8424,3,8,1,523,Home,8424,3,8,1
228,20438,326,Personal,8327,3,3,0,326,Personal,8327,3,3,0
229,72968,796,Student,7702,2,3,0,796,Student,7702,2,3,0
230,15091,828,Home,6922,2,8,0,828,Home,6922,2,8,0
231,97034,204,Personal,8856,5,12,1,204,Personal,8856,5,12,1
232,71266,935,Student,9724,6,11,1,935,Student,9724,6,11,1
233,42056,41,Home,6542,5,4,0,41,Home,6542,5,4,0
234,76458,501,Personal,5627,4,3,1,501,Personal,5627,4,3,1
235,18522,725,Student,9454,5,12,0,725,Student,9454,5,12,0
236,26897,40,Home,6795,2,7,1,40,Home,6795,2,7,1
237,83038,67,Personal,5327,2,7,0,67,Personal,5327,2,7,0
238,79527,385,Student,5311,6,12,0,385,Student,5311,6,12,0
239,90632,738,Home,9328,6,1,0,738,Home,9328,6,1,0
240,66235,228,Personal,9593,5,7,1,228,Personal,9593,5,7,1
241,17932,154,Student,7435,4,12,1,154,Student,7435,4,12,1
242,87021,735,Home,5649,3,10,1,735,Home,5649,3,10,1
243,20587,361,Personal,7069,6,5,1,361,Personal,7069,6,5,1
244,15400,882,Student,6157,6,8,1,882,Student,6157,6,8,1
245,74057,759,Home,6891,2,6,0,759,Home,6891,2,6,0
246,22131,813,Personal,7023,6,12,1,813,Personal,7023,6,12,1
247,44335,650,Student,5215,6,2,0,650,Student,5215,6,2,0
248,69351,980,Home,6210,4,12,1,980,Home,6210,4,12,1
249,9500,80,Personal,8946,7,12,1,80,Personal,8946,7,12,1
250,59941,335,Student,8671,7,3,1,335,Student,8671,7,3,1
251,19693,692,Home,5821,3,1,1,692,Home,5821,3,1,1
252,78722,730,Personal,8221,5,11,0,730,Personal,8221,5,11,0
253,40272,106,Student,5927,7,10,0,106,Student,5927,7,10,0
254,91895,988,Home,9507,3,12,1,988,Home,9507,3,12,1
255,93616,958,Personal,9326,6,4,0,958,Personal,9326,6,4,0
256,18750,670,Student,9456,6,12,0,670,Student,9456,6,12,0
257,10120,429,Home,8690,5,5,1,429,Home,8690,5,5,1
258,74393,316,Personal,8764,5,4,1,316,Personal,8764,5,4,1
259,78839,224,Student,7216,6,9,1,224,Student,7216,6,9,1
260,39240,58,Home,9472,5,10,0,58,Home,9472,5,10,0
261,89538,305,Personal,9186,5,7,1,305,Personal,9186,5,7,1
262,11589,4,Student,5512,3,1,0,4,Student,5512,3,1,0
263,36994,400,Home,6997,3,7,1,400,Home,6997,3,7,1
264,1118,698,Personal,7295,2,12,0,698,Personal,7295,2,12,0
265,45455,290,Student,7971,6,9,1,290,Student,7971,6,9,1
266,18648,966,Home,9352,6,8,1,966,Home,9352,6,8,1
267,82541,325,Personal,8481,2,8,1,325,Personal,8481,2,8,1
268,85804,539,Student,7553,5,5,1,539,Student,7553,5,5,1
269,26363,27,Home,8907,4,8,0,27,Home,8907,4,8,0
270,99835,228,Personal,6069,3,2,0,228,Personal,6069,3,2,0
271,42277,152,Student,5221,7,6,0,152,Student,5221,7,6,0
272,4160,357,Home,6406,4,4,1,357,Home,6406,4,4,1
273,7906,65,Personal,9742,5,12,1,65,Personal,9742,5,12,1
274,99533,652,Student,6833,6,8,1,652,Student,6833,6,8,1
275,48142,872,Home,5462,6,2,0,872,Home,5462,6,2,0
276,35377,864,Personal,6568,7,9,1,864,Personal,6568,7,9,1
277,29593,454,Student,7795,7,3,1,454,Student,7795,7,3,1
278,1627,213,Home,6988,7,9,1,213,Home,6988,7,9,1
279,24319,736,Personal,9719,7,4,0,736,Personal,9719,7,4,0
280,5013,52,Student,7899,3,5,0,52,Student,7899,3,5,0
281,61094,634,Home,7781,7,10,1,634,Home,7781,7,10,1
282,63128,938,Personal,7738,7,5,0,938,Personal,7738,7,5,0
283,41475,316,Student,9843,3,4,0,316,Student,9843,3,4,0
284,90080,673,Home,7906,7,3,1,673,Home,7906,7,3,1
285,61636,291,Personal,8890,3,11,1,291,Personal,8890,3,11,1
286,3761,261,Student,5696,6,12,0,261,Student,5696,6,12,0
287,91174,922,Home,7118,2,1,1,922,Home,7118,2,1,1
288,12524,216,Personal,8613,3,5,1,216,Personal,8613,3,5,1
289,94974,131,Student,9936,2,8,1,131,Student,9936,2,8,1
290,51533,37,Home,9920,3,7,0,37,Home,9920,3,7,0
291,38135,982,Personal,5347,6,10,0,982,Personal,5347,6,10,0
292,35650,383,Student,7250,3,10,0,383,Student,7250,3,10,0
293,58905,552,Home,9600,4,4,0,552,Home,9600,4,4,0
294,62995,437,Personal,7316,6,7,0,437,Personal,7316,6,7,0
295,91100,452,Student,8137,2,4,0,452,Student,8137,2,4,0
296,61286,939,Home,9846,2,9,1,939,Home,9846,2,9,1
297,61973,21,Personal,9949,2,3,0,21,Personal,9949,2,3,0
298,71119,747,Student,8844,6,12,1,747,Student,8844,6,12,1
299,16474,220,Home,8009,6,9,1,220,Home,8009,6,9,1
300,30966,126,Personal,6394,5,12,0,126,Personal,6394,5,12,0
301,30966,126,Personal,6394,5,12,0,32,Home,7369,3,1,1
302,60212,702,Student,6537,3,9,0,702,Student,6537,3,9,0
303,31268,718,Home,6305,5,11,1,718,Home,6305,5,11,1
304,57125,679,Personal,7814,5,2,0,679,Personal,7814,5,2,0
305,92248,236,Student,6355,2,5,0,236,Student,6355,2,5,0
306,98058,960,Home,8445,6,3,1,960,Home,8445,6,3,1
307,60602,281,Personal,5447,2,8,0,281,Personal,5447,2,8,0
308,30342,990,Student,8164,2,5,1,990,Student,8164,2,5,1
309,43555,113,Home,5649,6,5,0,113,Home,5649,6,5,0
310,96875,384,Personal,5625,2,1,1,384,Personal,5625,2,1,1
311,50461,110,Student,8691,6,12,0,110,Student,8691,6,12,0
312,35456,132,Home,7277,3,12,0,132,Home,7277,3,12,0
313,41398,36,Personal,8092,7,10,0,36,Personal,8092,7,10,0
314,58765,362,Student,5961,7,12,0,362,Student,5961,7,12,0
315,98038,459,Home,5646,6,6,0,459,Home,5646,6,6,0
316,67173,349,Personal,7990,4,1,1,349,Personal,7990,4,1,1
317,49078,114,Student,9507,3,12,0,114,Student,9507,3,12,0
318,56012,462,Home,7137,5,8,0,462,Home,7137,5,8,0
319,93435,263,Personal,8131,3,10,1,263,Personal,8131,3,10,1
320,34902,550,Student,5618,3,8,0,550,Student,5618,3,8,0
321,87259,423,Home,9292,4,2,0,423,Home,9292,4,2,0
322,17464,135,Personal,6941,6,10,1,135,Personal,6941,6,10,1
323,21220,166,Student,8678,6,3,1,166,Student,8678,6,3,1
324,60501,794,Home,7862,3,12,0,794,Home,7862,3,12,0
325,44015,278,Personal,6790,3,10,0,278,Personal,6790,3,10,0
326,87233,952,Student,7639,3,6,1,952,Student,7639,3,6,1
327,96940,287,Home,5443,3,10,0,287,Home,5443,3,10,0
328,4885,830,Personal,6370,2,3,1,830,Personal,6370,2,3,1
329,68380,221,Student,8484,2,3,0,221,Student,8484,2,3,0
330,14679,174,Home,6933,2,9,0,174,Home,6933,2,9,0
331,32957,693,Personal,8856,2,4,0,693,Personal,8856,2,4,0
332,36828,427,Student,6793,5,8,1,427,Student,6793,5,8,1
333,88450,158,Home,7542,3,5,0,158,Home,7542,3,5,0
334,91618,513,Personal,9428,2,11,0,513,Personal,9428,2,11,0
335,65868,944,Student,7872,2,12,0,944,Student,7872,2,12,0
336,13700,404,Home,5902,5,9,1,404,Home,5902,5,9,1
337,62996,691,Personal,8851,2,3,1,691,Personal,8851,2,3,1
338,48816,409,Student,8038,3,11,1,409,Student,8038,3,11,1
339,89639,693,Home,5301,2,4,1,693,Home,5301,2,4,1
340,22275,741,Personal,6514,3,11,1,741,Personal,6514,3,11,1
341,23265,246,Student,5790,5,8,0,246,Student,5790,5,8,0
342,97495,358,Home,7243,6,2,0,358,Home,7243,6,2,0
343,37606,644,Personal,7596,2,4,1,644,Personal,7596,2,4,1
344,17405,141,Student,8518,2,9,0,141,Student,8518,2,9,0
345,39352,866,Home,6353,7,6,0,866,Home,6353,7,6,0
346,30234,589,Personal,6177,6,9,1,589,Personal,6177,6,9,1
347,51471,345,Student,9852,7,2,1,345,Student,9852,7,2,1
348,77289,199,Home,7297,7,4,1,199,Home,7297,7,4,1
349,43863,214,Personal,5811,4,3,1,214,Personal,5811,4,3,1
350,39687,853,Student,9544,3,2,0,853,Student,9544,3,2,0
351,73236,747,Home,7220,6,11,0,747,Home,7220,6,11,0
352,10355,426,Personal,5096,3,1,1,426,Personal,5096,3,1,1
353,30319,46,Student,8511,7,2,1,46,Student,8511,7,2,1
354,10950,319,Home,8927,6,8,1,319,Home,8927,6,8,1
355,40370,171,Personal,7332,3,5,0,171,Personal,7332,3,5,0
356,60129,199,Student,7450,2,6,0,199,Student,7450,2,6,0
357,68003,150,Home,5838,6,3,1,150,Home,5838,6,3,1
358,58061,906,Personal,6460,2,3,0,906,Personal,6460,2,3,0
359,35514,665,Student,7534,3,7,0,665,Student,7534,3,7,0
360,30226,964,Home,6054,5,2,0,964,Home,6054,5,2,0
361,9821,914,Personal,9811,5,9,0,914,Personal,9811,5,9,0
362,30895,757,Student,9600,5,12,1,757,Student,9600,5,12,1
363,28245,889,Home,7592,4,5,0,889,Home,7592,4,5,0
364,44449,357,Personal,6212,3,8,1,357,Personal,6212,3,8,1
365,94820,805,Student,8614,6,1,1,805,Student,8614,6,1,1
366,55933,543,Home,6092,2,7,0,543,Home,6092,2,7,0
367,41444,43,Personal,7570,7,12,0,43,Personal,7570,7,12,0
368,35488,43,Student,7011,4,1,1,43,Student,7011,4,1,1
369,63175,852,Home,6629,3,9,1,852,Home,6629,3,9,1
370,25408,439,Personal,5397,3,10,0,439,Personal,5397,3,10,0
371,61224,59,Student,5120,4,3,0,59,Student,5120,4,3,0
372,96718,273,Home,7466,2,1,1,273,Home,7466,2,1,1
373,87417,144,Personal,8492,5,11,0,144,Personal,8492,5,11,0
374,72731,437,Student,5027,4,2,1,437,Student,5027,4,2,1
375,17780,396,Home,5160,2,1,1,396,Home,5160,2,1,1
376,18191,685,Personal,6425,5,12,1,685,Personal,6425,5,12,1
377,92905,654,Student,7313,2,12,1,654,Student,7313,2,12,1
378,52673,300,Home,9458,5,3,0,300,Home,9458,5,3,0
379,94822,667,Personal,9506,4,3,0,667,Personal,9506,4,3,0
380,20681,186,Student,7717,2,12,1,186,Student,7717,2,12,1
381,16971,624,Home,7049,4,4,0,624,Home,7049,4,4,0
382,74248,410,Personal,9738,4,1,1,410,Personal,9738,4,1,1
383,76122,455,Student,6938,6,11,0,455,Student,6938,6,11,0
384,8932,486,Home,6680,4,7,0,486,Home,6680,4,7,0
385,10729,861,Personal,8959,6,1,0,861,Personal,8959,6,1,0
386,93642,454,Student,9793,2,4,1,454,Student,9793,2,4,1
387,70508,685,Home,7303,7,6,0,685,Home,7303,7,6,0
388,60766,452,Personal,5082,2,9,1,452,Personal,5082,2,9,1
389,75576,701,Student,8209,4,1,0,701,Student,8209,4,1,0
390,97364,346,Home,5192,3,1,1,346,Home,5192,3,1,1
391,74851,756,Personal,9760,2,8,1,756,Personal,9760,2,8,1
392,82969,367,Student,5992,2,2,1,367,Student,5992,2,2,1
393,82688,55,Home,8301,3,2,0,55,Home,8301,3,2,0
394,71343,425,Personal,9686,3,8,1,425,Personal,9686,3,8,1
395,6852,629,Student,8015,4,8,0,629,Student,8015,4,8,0
396,25761,763,Home,7573,6,2,1,763,Home,7573,6,2,1
397,45428,334,Personal,6544,4,3,0,334,Personal,6544,4,3,0
398,1109,930,Student,7201,3,11,0,930,Student,7201,3,11,0
399,38735,557,Home,9377,6,2,0,557,Home,9377,6,2,0
400,70459,675,Personal,7194,3,1,1,675,Personal,7194,3,1,1
401,23608,624,Student,5821,4,5,1,624,Student,5821,4,5,1
402,54539,359,Home,9452,3,8,1,359,Home,9452,3,8,1
403,15340,41,Personal,8788,6,9,0,41,Personal,8788,6,9,0
404,23307,432,Student,6677,5,5,0,432,Student,6677,5,5,0
405,85884,922,Home,5954,7,12,0,922,Home,5954,7,12,0
406,23342,145,Personal,6120,4,1,0,145,Personal,6120,4,1,0
407,42142,112,Student,5611,4,1,1,112,Student,5611,4,1,1
408,7384,194,Home,9941,6,7,1,194,Home,9941,6,7,1
409,69956,765,Personal,7782,3,3,0,765,Personal,7782,3,3,0
410,76426,776,Student,7738,4,10,0,776,Student,7738,4,10,0
411,21538,923,Home,9748,7,7,0,923,Home,9748,7,7,0
412,99296,751,Personal,9759,3,12,0,751,Personal,9759,3,12,0
413,55682,929,Student,5529,7,6,0,929,Student,5529,7,6,0
414,49813,210,Home,9191,6,1,0,210,Home,9191,6,1,0
415,67919,868,Personal,7801,6,2,1,868,Personal,7801,6,2,1
416,57337,530,Student,8918,6,12,1,530,Student,8918,6,12,1
417,88115,539,Home,5959,5,8,1,539,Home,5959,5,8,1
418,37306,977,Personal,5319,3,4,1,977,Personal,5319,3,4,1
419,45152,858,Student,8131,3,12,0,858,Student,8131,3,12,0
420,99170,841,Home,9977,3,7,1,841,Home,9977,3,7,1
421,82462,47,Personal,7864,3,10,0,47,Personal,7864,3,10,0
422,74133,69,Student,8911,7,1,1,69,Student,8911,7,1,1
423,59473,981,Home,6469,6,10,0,981,Home,6469,6,10,0
424,74458,241,Personal,8819,5,3,0,288,Personal,5309,5,1,0
425,74458,241,Personal,8819,5,3,0,241,Personal,8819,5,3,0
426,48244,532,Student,6061,2,7,0,532,Student,6061,2,7,0
427,60238,499,Home,9389,3,11,0,499,Home,9389,3,11,0
428,81467,513,Personal,6009,5,4,0,513,Personal,6009,5,4,0
429,33538,153,Student,9207,4,3,0,153,Student,9207,4,3,0
430,16918,921,Home,7926,3,12,0,921,Home,7926,3,12,0
431,95483,757,Personal,6454,2,3,1,757,Personal,6454,2,3,1
432,82383,133,Student,9931,6,4,1,133,Student,9931,6,4,1
433,77672,180,Home,5801,6,11,0,180,Home,5801,6,11,0
434,28248,596,Personal,9970,2,2,1,596,Personal,9970,2,2,1
435,81323,429,Student,8140,4,10,0,429,Student,8140,4,10,0
436,2934,183,Home,9437,4,6,0,183,Home,9437,4,6,0
437,39539,756,Personal,8898,2,1,0,756,Personal,8898,2,1,0
438,25260,280,Student,7907,6,2,0,280,Student,7907,6,2,0
439,77576,995,Home,5536,5,3,0,995,Home,5536,5,3,0
440,14586,950,Personal,8089,7,1,1,950,Personal,8089,7,1,1
441,7806,379,Student,8478,3,6,1,379,Student,8478,3,6,1
442,38283,973,Home,8582,6,12,1,973,Home,8582,6,12,1
443,77476,343,Personal,8763,7,12,1,343,Personal,8763,7,12,1
444,9533,266,Student,5350,7,1,1,266,Student,5350,7,1,1
445,12308,440,Home,6717,6,9,0,440,Home,6717,6,9,0
446,51619,782,Personal,6945,6,5,1,782,Personal,6945,6,5,1
447,57109,957,Student,9082,7,8,1,957,Student,9082,7,8,1
448,50662,273,Home,5224,6,11,0,273,Home,5224,6,11,0
449,92226,206,Personal,7200,4,8,1,206,Personal,7200,4,8,1
450,96147,684,Student,5909,5,6,1,684,Student,5909,5,6,1
451,49435,230,Home,7133,7,11,0,230,Home,7133,7,11,0
452,57640,43,Personal,7474,6,2,0,43,Personal,7474,6,2,0
453,36825,649,Student,8652,5,12,1,649,Student,8652,5,12,1
454,10974,293,Home,9961,6,11,1,293,Home,9961,6,11,1
455,22744,625,Personal,7380,4,10,0,625,Personal,7380,4,10,0
456,51394,162,Student,5769,6,3,0,162,Student,5769,6,3,0
457,66386,703,Home,5209,3,11,0,703,Home,5209,3,11,0
458,75659,890,Personal,6848,4,6,1,890,Personal,6848,4,6,1
459,39627,596,Student,8588,4,8,0,596,Student,8588,4,8,0
460,54744,889,Home,5421,6,5,1,889,Home,5421,6,5,1
461,84857,963,Personal,9558,4,7,0,963,Personal,9558,4,7,0
462,77936,536,Student,9847,6,5,0,536,Student,9847,6,5,0
463,36432,480,Home,8289,4,4,1,480,Home,8289,4,4,1
464,81160,119,Personal,6891,2,6,1,119,Personal,6891,2,6,1
465,73863,388,Student,9787,3,8,0,388,Student,9787,3,8,0
466,6604,561,Home,8513,4,4,1,561,Home,8513,4,4,1
467,6562,227,Personal,5551,5,12,0,227,Personal,5551,5,12,0
468,56871,837,Student,5839,6,12,0,837,Student,5839,6,12,0
469,30576,101,Home,5094,3,10,0,101,Home,5094,3,10,0
470,28767,770,Personal,9597,3,10,1,770,Personal,9597,3,10,1
471,4968,950,Student,5378,4,5,0,950,Student,5378,4,5,0
472,58528,820,Home,9869,3,11,1,820,Home,9869,3,11,1
473,31807,661,Personal,6199,3,1,1,661,Personal,6199,3,1,1
474,78966,495,Student,6487,6,2,1,495,Student,6487,6,2,1
475,20599,356,Home,9771,7,1,1,356,Home,9771,7,1,1
476,5620,127,Personal,9637,3,1,0,127,Personal,9637,3,1,0
477,50928,677,Student,7682,7,12,0,677,Student,7682,7,12,0
478,89434,719,Home,6791,3,1,1,719,Home,6791,3,1,1
479,91799,12,Personal,7613,3,11,0,12,Personal,7613,3,11,0
480,8421,395,Student,6355,2,5,1,395,Student,6355,2,5,1
481,90476,652,Home,7164,3,4,1,652,Home,7164,3,4,1
482,53694,474,Personal,9423,4,11,1,474,Personal,9423,4,11,1
483,36211,234,Student,9122,2,8,1,234,Student,9122,2,8,1
484,30244,525,Home,6931,6,7,1,525,Home,6931,6,7,1
485,13576,550,Personal,6132,2,4,1,550,Personal,6132,2,4,1
486,10029,973,Student,6615,6,6,0,973,Student,6615,6,6,0
487,66734,215,Home,8202,7,3,0,215,Home,8202,7,3,0
488,87337,809,Personal,6197,7,5,1,809,Personal,6197,7,5,1
489,22678,11,Student,5350,2,11,1,11,Student,5350,2,11,1
490,93551,499,Home,8522,3,9,1,499,Home,8522,3,9,1
491,25221,872,Personal,6686,2,12,1,872,Personal,6686,2,12,1
492,58292,665,Student,7999,2,4,1,665,Student,7999,2,4,1
493,54235,793,Home,8880,3,7,1,793,Home,8880,3,7,1
494,61439,783,Personal,7501,4,11,0,783,Personal,7501,4,11,0
495,37341,486,Student,7725,5,12,0,486,Student,7725,5,12,0
496,97705,600,Home,7280,3,4,1,600,Home,7280,3,4,1
497,51113,399,Personal,5603,3,6,1,399,Personal,5603,3,6,1
498,74151,163,Student,6857,6,6,0,163,Student,6857,6,6,0
499,8977,400,Home,5794,2,9,0,400,Home,5794,2,9,0
500,56185,562,Personal,6447,3,5,0,562,Personal,6447,3,5,0
501,72404,654,Student,9888,4,7,0,654,Student,9888,4,7,0
502,25059,387,Home,9568,5,3,1,387,Home,9568,5,3,1
503,37216,757,Personal,8825,7,8,0,757,Personal,8825,7,8,0
504,67109,389,Student,9392,2,8,1,389,Student,9392,2,8,1
505,95104,176,Home,8173,2,2,0,176,Home,8173,2,2,0
506,8892,292,Personal,5769,4,2,0,292,Personal,5769,4,2,0
507,54133,175,Student,6009,2,11,1,175,Student,6009,2,11,1
508,6963,333,Home,9213,3,9,1,333,Home,9213,3,9,1
509,28514,402,Personal,7103,2,7,1,402,Personal,7103,2,7,1
510,55856,302,Student,5443,7,5,0,302,Student,5443,7,5,0
511,38603,886,Home,7783,4,8,1,886,Home,7783,4,8,1
512,65126,610,Personal,8210,7,2,0,610,Personal,8210,7,2,0
513,78572,71,Student,7960,3,5,0,71,Student,7960,3,5,0
514,92126,329,Home,7326,2,12,1,329,Home,7326,2,12,1
515,10706,337,Personal,9222,3,3,1,337,Personal,9222,3,3,1
516,52364,483,Student,6725,6,2,0,483,Student,6725,6,2,0
517,81778,325,Home,7752,4,4,1,325,Home,7752,4,4,1
518,92894,552,Personal,9788,7,2,1,552,Personal,9788,7,2,1
519,78027,174,Student,8594,3,1,0,174,Student,8594,3,1,0
520,96677,490,Home,8077,4,2,0,490,Home,8077,4,2,0
521,39509,637,Personal,5283,7,5,1,637,Personal,5283,7,5,1
522,57484,577,Student,5753,3,11,1,577,Student,5753,3,11,1
523,96894,39,Home,9773,6,12,0,39,Home,9773,6,12,0
524,80949,956,Personal,5997,7,3,0,956,Personal,5997,7,3,0
525,96017,121,Student,5921,6,12,0,121,Student,5921,6,12,0
526,38416,886,Home,6877,4,5,0,886,Home,6877,4,5,0
527,70910,517,Personal,6055,2,3,1,517,Personal,6055,2,3,1
528,46861,141,Student,8338,5,3,0,141,Student,8338,5,3,0
529,42492,353,Home,5183,4,1,1,353,Home,5183,4,1,1
530,52420,113,Personal,8445,5,6,1,113,Personal,8445,5,6,1
531,95366,25,Student,5788,7,3,1,25,Student,5788,7,3,1
532,61270,390,Home,6694,3,3,0,390,Home,6694,3,3,0
533,75906,622,Personal,8123,3,1,0,622,Personal,8123,3,1,0
534,93772,747,Student,7680,5,5,0,747,Student,7680,5,5,0
535,1669,446,Home,6343,7,1,0,446,Home,6343,7,1,0
536,14692,380,Personal,5797,7,2,1,380,Personal,5797,7,2,1
537,4164,442,Student,9040,4,2,0,442,Student,9040,4,2,0
538,80141,214,Home,8304,2,3,1,214,Home,8304,2,3,1
539,82937,696,Personal,7327,2,9,0,696,Personal,7327,2,9,0
540,71660,828,Student,9153,2,10,1,828,Student,9153,2,10,1
541,92106,110,Home,5343,4,10,0,110,Home,5343,4,10,0
542,10148,836,Personal,6750,2,5,1,836,Personal,6750,2,5,1
543,68662,409,Student,5415,6,9,1,409,Student,5415,6,9,1
544,23859,168,Home,9153,2,12,1,168,Home,9153,2,12,1
545,21444,990,Personal,9247,4,5,1,990,Personal,9247,4,5,1
546,96792,4,Student,9054,2,1,1,4,Student,9054,2,1,1
547,50712,719,Home,8588,5,12,0,719,Home,8588,5,12,0
548,15333,704,Personal,7482,3,12,0,704,Personal,7482,3,12,0
549,37336,200,Student,5728,2,8,0,200,Student,5728,2,8,0
550,90184,812,Home,8656,3,9,0,812,Home,8656,3,9,0
551,51451,550,Personal,6285,2,4,1,550,Personal,6285,2,4,1
552,85286,196,Student,9457,5,9,0,196,Student,9457,5,9,0
553,10159,26,Home,5194,2,5,0,26,Home,5194,2,5,0
554,43441,640,Personal,6998,7,7,1,640,Personal,6998,7,7,1
555,9279,833,Student,9726,4,12,1,833,Student,9726,4,12,1
556,90873,807,Home,9815,6,5,0,807,Home,9815,6,5,0
557,80754,236,Personal,7784,4,10,1,236,Personal,7784,4,10,1
558,20757,309,Student,9445,6,3,1,309,Student,9445,6,3,1
559,77161,952,Home,8302,5,2,1,952,Home,8302,5,2,1
560,16978,840,Personal,9473,5,6,0,840,Personal,9473,5,6,0
561,9439,716,Student,7834,6,9,0,716,Student,7834,6,9,0
562,70451,996,Home,5124,7,12,0,996,Home,5124,7,12,0
563,24220,698,Personal,9028,5,9,1,698,Personal,9028,5,9,1
564,79367,755,Student,7400,2,4,1,755,Student,7400,2,4,1
565,76849,800,Home,7956,2,4,1,800,Home,7956,2,4,1
566,24524,890,Personal,8937,6,6,1,890,Personal,8937,6,6,1
567,19163,298,Student,7234,7,8,0,298,Student,7234,7,8,0
568,28652,1000,Home,6859,2,2,1,1000,Home,6859,2,2,1
569,17846,82,Personal,9796,5,4,0,82,Personal,9796,5,4,0
570,98245,935,Student,8689,3,10,1,935,Student,8689,3,10,1
571,32751,290,Home,6028,3,4,1,290,Home,6028,3,4,1
572,5847,108,Personal,5939,4,4,1,108,Personal,5939,4,4,1
573,96007,534,Student,5496,5,4,1,534,Student,5496,5,4,1
574,96007,534,Student,5496,5,4,1,602,Home,7465,2,6,1
575,28958,969,Home,7732,3,12,0,969,Home,7732,3,12,0
576,95783,763,Personal,5839,7,9,1,763,Personal,5839,7,9,1
577,58772,859,Student,8977,3,12,1,859,Student,8977,3,12,1
578,80741,377,Home,7798,7,11,1,377,Home,7798,7,11,1
579,87150,748,Personal,8069,2,1,0,748,Personal,8069,2,1,0
580,79854,403,Student,7110,2,6,1,403,Student,7110,2,6,1
581,4232,961,Home,6031,2,12,0,961,Home,6031,2,12,0
582,22315,858,Personal,9542,4,1,0,858,Personal,9542,4,1,0
583,93935,807,Student,8402,3,11,0,807,Student,8402,3,11,0
584,35645,336,Home,7131,4,10,1,336,Home,7131,4,10,1
585,62931,961,Personal,8204,3,5,0,961,Personal,8204,3,5,0
586,2167,151,Student,6877,6,12,0,151,Student,6877,6,12,0
587,60933,880,Home,8819,6,9,1,880,Home,8819,6,9,1
588,56841,71,Personal,7888,5,4,1,71,Personal,7888,5,4,1
589,67817,490,Student,9314,2,4,1,490,Student,9314,2,4,1
590,84402,976,Home,5763,3,5,0,976,Home,5763,3,5,0
591,27064,358,Personal,6145,3,3,0,358,Personal,6145,3,3,0
592,76355,479,Student,7895,4,12,1,479,Student,7895,4,12,1
593,2239,624,Home,9725,4,7,0,624,Home,9725,4,7,0
594,31486,897,Personal,7164,7,7,1,897,Personal,7164,7,7,1
595,54755,334,Student,7842,7,3,1,334,Student,7842,7,3,1
596,60699,692,Home,9396,7,1,0,692,Home,9396,7,1,0
597,85710,621,Personal,5417,5,1,0,621,Personal,5417,5,1,0
598,21943,2,Student,5522,4,4,0,2,Student,5522,4,4,0
599,15082,438,Home,6653,6,3,0,438,Home,6653,6,3,0
600,41545,875,Personal,9465,6,10,0,875,Personal,9465,6,10,0
601,97120,106,Student,6663,4,2,0,106,Student,6663,4,2,0
602,89057,618,Home,5901,5,2,0,618,Home,5901,5,2,0
603,85514,715,Personal,6754,6,12,1,715,Personal,6754,6,12,1
604,1681,891,Student,5353,5,3,1,891,Student,5353,5,3,1
605,55828,400,Home,9069,6,8,1,400,Home,9069,6,8,1
606,76366,302,Personal,7087,3,2,0,302,Personal,7087,3,2,0
607,98498,391,Student,9875,7,9,0,391,Student,9875,7,9,0
608,49614,455,Home,5776,3,4,0,455,Home,5776,3,4,0
609,80914,537,Personal,7103,2,10,0,537,Personal,7103,2,10,0
610,88288,758,Student,6830,2,3,1,758,Student,6830,2,3,1
611,23354,336,Home,5319,6,9,0,336,Home,5319,6,9,0
612,98803,977,Personal,9375,7,2,0,977,Personal,9375,7,2,0
613,6168,535,Student,7490,2,3,1,535,Student,7490,2,3,1
614,53662,20,Home,7130,2,4,0,20,Home,7130,2,4,0
615,31540,857,Personal,9370,6,5,0,857,Personal,9370,6,5,0
616,12343,236,Student,7518,5,10,1,236,Student,7518,5,10,1
617,88237,801,Home,5739,3,2,0,801,Home,5739,3,2,0
618,44197,3,Personal,6351,7,4,0,3,Personal,6351,7,4,0
619,18034,580,Student,5104,3,10,1,580,Student,5104,3,10,1
620,47431,626,Home,7062,3,3,1,626,Home,7062,3,3,1
621,60075,29,Personal,8392,7,7,1,29,Personal,8392,7,7,1
622,6010,5,Student,7717,6,6,0,5,Student,7717,6,6,0
623,12296,479,Home,7130,3,12,1,479,Home,7130,3,12,1
624,62442,492,Personal,5226,2,12,1,492,Personal,5226,2,12,1
625,26695,425,Student,8771,5,9,1,425,Student,8771,5,9,1
626,6481,17,Home,7005,6,8,0,17,Home,7005,6,8,0
627,57653,698,Personal,6612,3,1,0,698,Personal,6612,3,1,0
628,41919,233,Student,7976,7,12,1,233,Student,7976,7,12,1
629,30128,314,Home,5065,2,1,1,314,Home,5065,2,1,1
630,73120,800,Personal,7113,7,6,1,800,Personal,7113,7,6,1
631,41631,896,Student,5594,6,6,0,896,Student,5594,6,6,0
632,96808,666,Home,8074,2,8,0,666,Home,8074,2,8,0
633,18685,310,Personal,6412,6,3,0,310,Personal,6412,6,3,0
634,97781,139,Student,9904,5,12,0,139,Student,9904,5,12,0
635,11171,70,Home,6974,6,8,0,70,Home,6974,6,8,0
636,16379,968,Personal,9223,3,6,1,968,Personal,9223,3,6,1
637,82007,301,Student,6278,5,5,1,301,Student,6278,5,5,1
638,91711,556,Home,8173,3,9,0,556,Home,8173,3,9,0
639,39225,586,Personal,5254,4,6,1,586,Personal,5254,4,6,1
640,88569,772,Student,8277,5,12,0,772,Student,8277,5,12,0
641,84457,969,Home,8169,2,6,1,969,Home,8169,2,6,1
642,1887,384,Personal,6085,3,8,0,384,Personal,6085,3,8,0
643,30364,524,Student,6872,4,5,0,524,Student,6872,4,5,0
644,98991,268,Home,9613,7,2,1,268,Home,9613,7,2,1
645,58616,699,Personal,5867,6,1,0,699,Personal,5867,6,1,0
646,3133,127,Student,7476,3,7,0,127,Student,7476,3,7,0
647,45751,147,Home,8565,7,7,1,147,Home,8565,7,7,1
648,37230,631,Personal,7899,5,6,1,631,Personal,7899,5,6,1
649,12199,941,Student,7534,2,7,0,941,Student,7534,2,7,0
650,92484,715,Home,8542,2,11,0,715,Home,8542,2,11,0
651,87898,754,Personal,5070,2,10,1,754,Personal,5070,2,10,1
652,86055,376,Student,9024,2,9,1,376,Student,9024,2,9,1
653,11754,299,Home,8743,2,2,1,299,Home,8743,2,2,1
654,5802,306,Personal,7254,7,6,0,306,Personal,7254,7,6,0
655,5843,947,Student,5550,3,2,1,947,Student,5550,3,2,1
656,68052,341,Home,6430,4,7,1,341,Home,6430,4,7,1
657,3048,44,Personal,7835,2,6,0,44,Personal,7835,2,6,0
658,72487,773,Student,5258,2,11,0,773,Student,5258,2,11,0
659,47612,558,Home,9582,5,3,0,558,Home,9582,5,3,0
660,9683,159,Personal,9192,6,10,0,159,Personal,9192,6,10,0
661,80387,180,Student,9941,5,7,0,180,Student,9941,5,7,0
662,54858,516,Home,8575,2,2,0,516,Home,8575,2,2,0
663,4902,48,Personal,8975,4,9,0,48,Personal,8975,4,9,0
664,41612,562,Student,6802,4,7,0,562,Student,6802,4,7,0
665,51259,643,Home,7739,5,1,0,643,Home,7739,5,1,0
666,7916,228,Personal,5912,6,12,0,228,Personal,5912,6,12,0
667,63212,966,Student,7731,5,7,0,966,Student,7731,5,7,0
668,52123,223,Home,7376,3,11,1,223,Home,7376,3,11,1
669,84654,744,Personal,9354,6,3,0,744,Personal,9354,6,3,0
670,71764,980,Student,5688,3,5,0,980,Student,5688,3,5,0
671,84441,937,Home,5685,6,10,1,937,Home,5685,6,10,1
672,82157,675,Personal,8261,7,11,1,675,Personal,8261,7,11,1
673,84433,33,Student,8994,3,3,0,33,Student,8994,3,3,0
674,92262,192,Home,6821,5,7,1,192,Home,6821,5,7,1
675,95204,374,Personal,7298,2,11,0,374,Personal,7298,2,11,0
676,90206,776,Student,9457,2,4,1,776,Student,9457,2,4,1
677,68194,517,Home,7456,5,7,0,517,Home,7456,5,7,0
678,88497,383,Personal,7791,6,4,0,383,Personal,7791,6,4,0
679,18756,642,Student,5666,2,11,0,642,Student,5666,2,11,0
680,76837,644,Home,5561,2,4,1,644,Home,5561,2,4,1
681,16843,292,Personal,9623,2,10,0,292,Personal,9623,2,10,0
682,11852,84,Student,8227,6,3,0,84,Student,8227,6,3,0
683,64605,22,Home,9355,4,8,1,22,Home,9355,4,8,1
684,36427,368,Personal,6116,5,2,1,368,Personal,6116,5,2,1
685,14082,857,Student,8754,4,7,1,857,Student,8754,4,7,1
686,79647,115,Home,8946,4,3,0,115,Home,8946,4,3,0
687,68899,444,Personal,9283,7,10,1,444,Personal,9283,7,10,1
688,51759,419,Student,9258,2,6,1,419,Student,9258,2,6,1
689,90949,96,Home,9232,2,9,1,96,Home,9232,2,9,1
690,33563,765,Personal,9348,7,2,1,765,Personal,9348,7,2,1
691,77998,354,Student,5187,3,1,0,354,Student,5187,3,1,0
692,47526,740,Home,7441,5,5,0,740,Home,7441,5,5,0
693,63316,361,Personal,5250,4,4,0,361,Personal,5250,4,4,0
694,13712,721,Student,6710,6,8,1,721,Student,6710,6,8,1
695,32399,320,Home,6375,5,7,1,320,Home,6375,5,7,1
696,53716,669,Personal,6097,6,4,0,669,Personal,6097,6,4,0
697,37221,521,Student,9387,7,1,0,521,Student,9387,7,1,0
698,13605,578,Home,5621,2,5,0,578,Home,5621,2,5,0
699,24564,218,Personal,9302,5,8,0,218,Personal,9302,5,8,0
700,36659,933,Student,8689,5,4,0,933,Student,8689,5,4,0
701,61180,432,Home,6041,4,7,1,432,Home,6041,4,7,1
702,36247,997,Personal,7798,2,5,0,997,Personal,7798,2,5,0
703,65505,869,Student,9552,5,10,1,869,Student,9552,5,10,1
704,33715,310,Home,9838,4,10,1,310,Home,9838,4,10,1
705,57050,783,Personal,6918,7,2,1,783,Personal,6918,7,2,1
706,78139,866,Student,9743,3,7,1,866,Student,9743,3,7,1
707,57486,34,Home,5374,5,8,0,34,Home,5374,5,8,0
708,25135,578,Personal,9652,7,6,0,578,Personal,9652,7,6,0
709,63068,682,Student,7203,6,3,1,682,Student,7203,6,3,1
710,9494,79,Home,5511,5,5,0,79,Home,5511,5,5,0
711,74085,64,Personal,8228,3,2,1,64,Personal,8228,3,2,1
712,26945,89,Student,5776,4,1,1,89,Student,5776,4,1,1
713,66832,480,Home,9368,2,5,1,480,Home,9368,2,5,1
714,71845,644,Personal,7243,3,2,0,644,Personal,7243,3,2,0
715,46294,774,Student,5015,2,4,0,774,Student,5015,2,4,0
716,52496,189,Home,6169,6,3,1,189,Home,6169,6,3,1
717,70702,844,Personal,6847,2,12,1,844,Personal,6847,2,12,1
718,81761,834,Student,5750,7,5,0,834,Student,5750,7,5,0
719,66241,371,Home,5423,5,8,0,371,Home,5423,5,8,0
720,82653,135,Personal,5874,4,3,0,135,Personal,5874,4,3,0
721,32283,964,Student,7867,4,9,1,964,Student,7867,4,9,1
722,86603,123,Home,6699,5,11,1,123,Home,6699,5,11,1
723,33826,548,Personal,6197,7,5,1,548,Personal,6197,7,5,1
724,44877,868,Student,7665,3,3,0,868,Student,7665,3,3,0
725,32329,488,Home,6950,7,4,0,488,Home,6950,7,4,0
726,24932,841,Personal,9222,6,7,0,841,Personal,9222,6,7,0
727,46404,35,Student,6461,4,8,1,35,Student,6461,4,8,1
728,53964,722,Home,9150,3,1,0,722,Home,9150,3,1,0
729,88895,563,Personal,9940,2,6,1,563,Personal,9940,2,6,1
730,28988,192,Student,5216,7,4,1,192,Student,5216,7,4,1
731,26954,577,Home,5425,2,6,1,577,Home,5425,2,6,1
732,73535,367,Personal,9647,6,6,1,367,Personal,9647,6,6,1
733,34340,564,Student,8001,7,9,0,564,Student,8001,7,9,0
734,35253,586,Home,6316,7,8,1,586,Home,6316,7,8,1
735,91470,398,Personal,6464,5,12,1,398,Personal,6464,5,12,1
736,85723,978,Student,8030,3,7,0,978,Student,8030,3,7,0
737,15776,870,Home,5510,5,4,0,870,Home,5510,5,4,0
738,90231,171,Personal,9270,6,11,0,171,Personal,9270,6,11,0
739,70699,131,Student,8437,6,2,1,131,Student,8437,6,2,1
740,74152,6,Home,5738,2,11,1,6,Home,5738,2,11,1
741,82600,893,Personal,6175,4,8,1,893,Personal,6175,4,8,1
742,72060,187,Student,8985,3,6,0,187,Student,8985,3,6,0
743,13148,805,Home,9980,2,7,1,805,Home,9980,2,7,1
744,20302,649,Personal,8025,3,3,0,649,Personal,8025,3,3,0
745,86939,945,Student,5412,7,10,0,945,Student,5412,7,10,0
746,3784,413,Home,6922,3,7,0,413,Home,6922,3,7,0
747,62127,999,Personal,8376,6,8,0,999,Personal,8376,6,8,0
748,39414,964,Student,6708,6,6,1,964,Student,6708,6,6,1
749,53085,929,Home,8087,5,12,1,929,Home,8087,5,12,1
750,39405,153,Personal,5899,4,9,0,153,Personal,5899,4,9,0
751,99292,697,Student,9231,5,9,0,697,Student,9231,5,9,0
752,64598,344,Home,7412,4,1,0,344,Home,7412,4,1,0
753,20454,997,Personal,9936,6,11,1,997,Personal,9936,6,11,1
754,25757,932,Student,8456,2,2,0,932,Student,8456,2,2,0
755,18666,712,Home,5057,2,2,1,712,Home,5057,2,2,1
756,41883,357,Personal,8523,4,2,1,357,Personal,8523,4,2,1
757,55469,155,Student,8895,7,4,1,155,Student,8895,7,4,1
758,7960,24,Home,7997,5,4,1,24,Home,7997,5,4,1
759,36237,736,Personal,7100,7,7,0,736,Personal,7100,7,7,0
760,17050,175,Student,5967,4,12,1,175,Student,5967,4,12,1
761,66408,527,Home,8496,5,7,0,527,Home,8496,5,7,0
762,93193,623,Personal,6149,7,9,0,623,Personal,6149,7,9,0
763,50774,456,Student,5940,6,5,1,456,Student,5940,6,5,1
764,70619,459,Home,7148,3,5,1,459,Home,7148,3,5,1
765,80458,982,Personal,5310,2,8,0,982,Personal,5310,2,8,0
766,37982,122,Student,8250,3,6,0,122,Student,8250,3,6,0
767,57165,307,Home,9651,5,12,1,307,Home,9651,5,12,1
768,21878,658,Personal,5306,4,10,0,658,Personal,5306,4,10,0
769,84675,190,Student,6007,3,11,0,190,Student,6007,3,11,0
770,23469,190,Home,9493,6,1,1,190,Home,9493,6,1,1
771,69675,44,Personal,5392,4,1,1,44,Personal,5392,4,1,1
772,88528,869,Student,5536,5,3,1,869,Student,5536,5,3,1
773,55240,292,Home,5046,5,10,1,292,Home,5046,5,10,1
774,91420,290,Personal,5488,6,9,1,290,Personal,5488,6,9,1
775,32673,23,Student,8956,4,6,0,23,Student,8956,4,6,0
776,87368,121,Home,8637,2,9,1,121,Home,8637,2,9,1
777,49375,361,Personal,7919,6,8,1,361,Personal,7919,6,8,1
778,74817,274,Student,7065,7,3,0,274,Student,7065,7,3,0
779,24736,26,Home,6457,4,5,1,26,Home,6457,4,5,1
780,74461,847,Personal,7088,4,10,0,847,Personal,7088,4,10,0
781,78890,880,Student,6643,7,6,1,880,Student,6643,7,6,1
782,96007,602,Home,7465,2,6,1,534,Student,5496,5,4,1
783,96007,602,Home,7465,2,6,1,602,Home,7465,2,6,1
784,11275,283,Personal,5760,5,1,1,283,Personal,5760,5,1,1
785,60031,911,Student,5463,6,2,0,911,Student,5463,6,2,0
786,38489,750,Home,9643,7,11,0,750,Home,9643,7,11,0
787,25545,491,Personal,7282,4,1,0,491,Personal,7282,4,1,0
788,21850,190,Student,8385,2,11,0,190,Student,8385,2,11,0
789,47300,616,Home,6556,5,4,1,616,Home,6556,5,4,1
790,12451,852,Personal,5956,5,5,1,852,Personal,5956,5,5,1
791,11113,616,Student,7323,3,11,1,616,Student,7323,3,11,1
792,51396,984,Home,8588,4,1,1,984,Home,8588,4,1,1
793,97746,122,Personal,9826,6,5,0,122,Personal,9826,6,5,0
794,92983,679,Student,6062,7,6,0,679,Student,6062,7,6,0
795,18383,632,Home,5725,5,3,0,632,Home,5725,5,3,0
796,11500,149,Personal,7651,3,1,1,149,Personal,7651,3,1,1
797,80736,953,Student,8676,3,5,0,953,Student,8676,3,5,0
798,76764,156,Home,7976,3,2,1,156,Home,7976,3,2,1
799,23320,333,Personal,6136,2,7,1,333,Personal,6136,2,7,1
800,22176,296,Student,6389,3,2,1,296,Student,6389,3,2,1
801,30966,32,Home,7369,3,1,1,126,Personal,6394,5,12,0
802,30966,32,Home,7369,3,1,1,32,Home,7369,3,1,1
803,36842,337,Personal,5390,3,9,1,337,Personal,5390,3,9,1
804,60873,1,Student,8845,5,4,1,1,Student,8845,5,4,1
805,7363,206,Home,6031,2,10,1,206,Home,6031,2,10,1
806,58674,491,Personal,9019,5,3,0,491,Personal,9019,5,3,0
807,87517,695,Student,5013,7,11,0,695,Student,5013,7,11,0
808,99438,621,Home,8802,4,1,0,621,Home,8802,4,1,0
809,60071,737,Personal,8649,6,3,0,737,Personal,8649,6,3,0
810,34828,369,Student,7538,7,2,0,369,Student,7538,7,2,0
811,95150,468,Home,6360,7,4,1,468,Home,6360,7,4,1
812,4657,106,Personal,7810,4,9,0,106,Personal,7810,4,9,0
813,86810,770,Student,8643,5,1,1,770,Student,8643,5,1,1
814,41182,467,Home,6984,5,8,1,467,Home,6984,5,8,1
815,53832,790,Personal,6262,4,2,1,790,Personal,6262,4,2,1
816,85013,21,Student,5033,7,3,1,21,Student,5033,7,3,1
817,71778,283,Home,5669,4,8,0,283,Home,5669,4,8,0
818,20748,100,Personal,7467,4,12,1,100,Personal,7467,4,12,1
819,43368,9,Student,7777,4,8,0,9,Student,7777,4,8,0
820,86106,403,Home,9812,4,6,0,403,Home,9812,4,6,0
821,69668,65,Personal,6295,6,2,1,65,Personal,6295,6,2,1
822,23745,981,Student,8534,6,12,1,981,Student,8534,6,12,1
823,75420,503,Home,7013,5,9,0,503,Home,7013,5,9,0
824,59358,272,Personal,8933,6,7,1,272,Personal,8933,6,7,1
825,73501,1000,Student,5645,4,11,0,1000,Student,5645,4,11,0
826,54866,51,Home,6461,3,4,0,51,Home,6461,3,4,0
827,8839,821,Personal,8393,2,12,1,821,Personal,8393,2,12,1
828,85971,407,Student,9965,7,6,0,407,Student,9965,7,6,0
829,41971,383,Home,5145,2,5,1,383,Home,5145,2,5,1
830,22646,736,Personal,6411,7,1,1,736,Personal,6411,7,1,1
831,45350,163,Student,5505,2,10,0,163,Student,5505,2,10,0
832,76780,899,Home,7599,6,1,0,899,Home,7599,6,1,0
833,68900,329,Personal,8932,5,9,1,329,Personal,8932,5,9,1
834,99621,47,Student,7757,6,1,1,47,Student,7757,6,1,1
835,14914,754,Home,7107,6,1,1,754,Home,7107,6,1,1
836,51852,958,Personal,8217,6,8,1,958,Personal,8217,6,8,1
837,85503,942,Student,8963,7,10,1,942,Student,8963,7,10,1
838,28321,766,Home,5987,5,6,0,766,Home,5987,5,6,0
839,8503,841,Personal,5336,7,6,1,841,Personal,5336,7,6,1
840,85069,369,Student,6209,4,10,0,369,Student,6209,4,10,0
841,37115,692,Home,5001,4,12,1,692,Home,5001,4,12,1
842,54938,197,Personal,6455,4,11,0,197,Personal,6455,4,11,0
843,98523,501,Student,7807,3,6,0,501,Student,7807,3,6,0
844,45829,428,Home,5500,6,9,1,428,Home,5500,6,9,1
845,41667,773,Personal,7462,3,1,0,773,Personal,7462,3,1,0
846,87297,372,Student,7071,6,2,0,372,Student,7071,6,2,0
847,35837,589,Home,9688,4,8,0,589,Home,9688,4,8,0
848,99353,345,Personal,9793,3,2,1,345,Personal,9793,3,2,1
849,9678,72,Student,9979,3,5,0,72,Student,9979,3,5,0
850,53227,106,Home,5436,7,4,0,106,Home,5436,7,4,0
851,12026,326,Personal,5827,7,8,1,326,Personal,5827,7,8,1
852,27161,556,Student,9408,6,9,0,556,Student,9408,6,9,0
853,77918,303,Home,5249,6,7,0,303,Home,5249,6,7,0
854,48618,429,Personal,5687,7,4,0,429,Personal,5687,7,4,0
855,17736,381,Student,9300,5,7,1,381,Student,9300,5,7,1
856,51178,577,Home,9949,6,8,0,577,Home,9949,6,8,0
857,70541,815,Personal,8953,2,1,1,815,Personal,8953,2,1,1
858,31511,103,Student,5490,4,4,0,103,Student,5490,4,4,0
859,29623,142,Home,9433,7,8,0,142,Home,9433,7,8,0
860,50698,813,Personal,6565,6,4,0,813,Personal,6565,6,4,0
861,26633,896,Student,8151,7,10,1,896,Student,8151,7,10,1
862,95925,634,Home,9879,2,10,0,634,Home,9879,2,10,0
863,8337,842,Personal,9539,4,2,1,842,Personal,9539,4,2,1
864,40204,607,Student,9843,7,1,0,607,Student,9843,7,1,0
865,84676,163,Home,8478,3,5,0,163,Home,8478,3,5,0
866,71431,642,Personal,8423,4,6,0,642,Personal,8423,4,6,0
867,34448,673,Student,9832,4,10,0,673,Student,9832,4,10,0
868,9218,8,Home,6561,6,3,1,8,Home,6561,6,3,1
869,31327,1000,Personal,9988,5,9,0,1000,Personal,9988,5,9,0
870,46866,501,Student,6754,7,11,0,501,Student,6754,7,11,0
871,73723,852,Home,9508,5,1,1,852,Home,9508,5,1,1
872,25700,358,Personal,8948,2,10,1,358,Personal,8948,2,10,1
873,76935,515,Student,8785,5,12,1,515,Student,8785,5,12,1
874,13059,525,Home,7045,5,3,0,525,Home,7045,5,3,0
875,98801,191,Personal,5831,2,7,1,191,Personal,5831,2,7,1
876,96520,150,Student,6625,2,11,1,150,Student,6625,2,11,1
877,32057,168,Home,5643,2,5,1,168,Home,5643,2,5,1
878,40498,258,Personal,5678,2,7,0,258,Personal,5678,2,7,0
879,10763,615,Student,8895,7,8,1,615,Student,8895,7,8,1
880,38138,262,Home,9275,7,1,1,262,Home,9275,7,1,1
881,11296,328,Personal,7518,7,11,1,328,Personal,7518,7,11,1
882,26357,402,Student,9481,5,11,1,402,Student,9481,5,11,1
883,70184,424,Home,6971,7,11,0,424,Home,6971,7,11,0
884,81599,749,Personal,5713,2,11,0,749,Personal,5713,2,11,0
885,20557,388,Student,9484,3,6,1,388,Student,9484,3,6,1
886,65910,978,Home,9764,2,3,1,978,Home,9764,2,3,1
887,72302,911,Personal,6991,6,9,1,911,Personal,6991,6,9,1
888,22912,832,Student,8485,6,4,1,832,Student,8485,6,4,1
889,71518,102,Home,5827,2,11,0,102,Home,5827,2,11,0
890,19164,768,Personal,5479,5,11,0,768,Personal,5479,5,11,0
891,58713,978,Student,6797,6,10,0,978,Student,6797,6,10,0
892,75941,6,Home,6573,5,11,0,6,Home,6573,5,11,0
893,40189,426,Personal,5901,2,3,0,426,Personal,5901,2,3,0
894,66604,859,Student,8832,3,3,0,859,Student,8832,3,3,0
895,58776,110,Home,6628,7,6,1,110,Home,6628,7,6,1
896,96522,963,Personal,5696,5,4,0,963,Personal,5696,5,4,0
897,1249,158,Student,8674,7,8,1,158,Student,8674,7,8,1
898,40557,665,Home,9589,5,3,1,665,Home,9589,5,3,1
899,19381,938,Personal,9443,7,11,1,938,Personal,9443,7,11,1
900,43737,277,Student,8035,2,6,0,277,Student,8035,2,6,0
901,4058,539,Home,8667,2,2,1,539,Home,8667,2,2,1
902,83573,293,Personal,9946,4,4,0,293,Personal,9946,4,4,0
903,47704,506,Student,6867,3,1,1,506,Student,6867,3,1,1
904,1870,110,Home,6855,7,3,1,110,Home,6855,7,3,1
905,79455,119,Personal,6481,4,8,0,119,Personal,6481,4,8,0
906,23948,251,Student,5329,7,10,0,251,Student,5329,7,10,0
907,76102,80,Home,9891,6,11,0,80,Home,9891,6,11,0
908,75541,321,Personal,7446,6,8,0,321,Personal,7446,6,8,0
909,58632,980,Student,9789,4,2,1,980,Student,9789,4,2,1
910,9868,180,Home,6142,5,5,1,180,Home,6142,5,5,1
911,92770,815,Personal,8747,6,5,0,815,Personal,8747,6,5,0
912,29779,934,Student,7472,3,12,0,934,Student,7472,3,12,0
913,73646,82,Home,8648,5,3,1,82,Home,8648,5,3,1
914,93238,582,Personal,6913,7,1,1,582,Personal,6913,7,1,1
915,18322,662,Student,8111,3,1,0,662,Student,8111,3,1,0
916,7530,676,Home,8852,6,10,1,676,Home,8852,6,10,1
917,23594,8,Personal,6769,6,3,1,8,Personal,6769,6,3,1
918,96232,931,Student,5401,3,1,0,931,Student,5401,3,1,0
919,68556,968,Home,5579,3,5,1,968,Home,5579,3,5,1
920,90339,724,Personal,8860,3,3,0,724,Personal,8860,3,3,0
921,65424,94,Student,6128,6,5,0,94,Student,6128,6,5,0
922,74982,558,Home,7725,2,11,0,558,Home,7725,2,11,0
923,34479,185,Personal,8920,5,3,1,185,Personal,8920,5,3,1
924,76755,16,Student,9894,6,5,1,16,Student,9894,6,5,1
925,18171,351,Home,5566,7,8,0,351,Home,5566,7,8,0
926,37040,500,Personal,7317,6,10,1,500,Personal,7317,6,10,1
927,94112,34,Student,8454,6,8,1,34,Student,8454,6,8,1
928,73397,910,Home,6005,6,6,0,910,Home,6005,6,6,0
929,95739,60,Personal,5915,4,11,1,60,Personal,5915,4,11,1
930,48253,940,Student,5135,7,6,0,940,Student,5135,7,6,0
931,69657,795,Home,9136,4,6,0,795,Home,9136,4,6,0
932,27192,732,Personal,5639,4,9,1,732,Personal,5639,4,9,1
933,1753,811,Student,8893,7,3,0,811,Student,8893,7,3,0
934,53438,5,Home,5097,5,6,1,5,Home,5097,5,6,1
935,24780,32,Personal,9606,3,11,1,32,Personal,9606,3,11,1
936,6269,848,Student,9777,6,12,1,848,Student,9777,6,12,1
937,49029,175,Home,9426,4,2,1,175,Home,9426,4,2,1
938,74595,436,Personal,6461,2,1,0,436,Personal,6461,2,1,0
939,93571,137,Student,9802,6,1,0,137,Student,9802,6,1,0
940,93598,519,Home,6305,5,2,0,519,Home,6305,5,2,0
941,78699,366,Personal,8291,6,2,1,366,Personal,8291,6,2,1
942,46652,50,Student,7342,2,2,1,50,Student,7342,2,2,1
943,58684,646,Home,7573,6,1,0,646,Home,7573,6,1,0
944,50322,737,Personal,8233,7,11,0,737,Personal,8233,7,11,0
945,43779,373,Student,6204,2,11,1,373,Student,6204,2,11,1
946,87353,956,Home,8767,4,1,1,956,Home,8767,4,1,1
947,79054,495,Personal,5579,6,11,1,495,Personal,5579,6,11,1
948,27980,572,Student,6910,4,11,0,572,Student,6910,4,11,0
949,20431,323,Home,6500,5,12,1,323,Home,6500,5,12,1
950,10555,863,Personal,8226,2,9,1,863,Personal,8226,2,9,1
951,76867,960,Student,8068,7,3,1,960,Student,8068,7,3,1
952,6452,363,Home,7974,2,7,1,363,Home,7974,2,7,1
953,35407,384,Personal,8028,5,5,1,384,Personal,8028,5,5,1
954,78427,543,Student,6630,7,9,1,543,Student,6630,7,9,1
955,53447,733,Home,5967,7,3,1,733,Home,5967,7,3,1
956,45974,300,Personal,7391,2,2,0,300,Personal,7391,2,2,0
957,76114,632,Student,6420,2,10,0,632,Student,6420,2,10,0
958,33309,305,Home,7702,5,1,1,305,Home,7702,5,1,1
959,80874,935,Personal,6879,4,4,0,935,Personal,6879,4,4,0
960,22867,739,Student,6705,3,12,0,739,Student,6705,3,12,0
961,56846,684,Home,5392,4,7,0,684,Home,5392,4,7,0
962,81341,674,Personal,5690,6,7,0,674,Personal,5690,6,7,0
963,60516,894,Student,6139,3,3,0,894,Student,6139,3,3,0
964,98463,868,Home,5959,6,6,1,868,Home,5959,6,6,1
965,43633,674,Personal,9509,5,4,1,674,Personal,9509,5,4,1
966,69182,210,Student,8289,6,1,1,210,Student,8289,6,1,1
967,90187,310,Home,6718,6,3,1,310,Home,6718,6,3,1
968,35776,897,Personal,6517,6,12,0,897,Personal,6517,6,12,0
969,96892,884,Student,5381,2,8,1,884,Student,5381,2,8,1
970,84612,179,Home,5773,3,1,0,179,Home,5773,3,1,0
971,2382,138,Personal,7870,2,1,0,138,Personal,7870,2,1,0
972,71802,150,Student,7559,3,10,0,150,Student,7559,3,10,0
973,67540,55,Home,9730,3,11,0,55,Home,9730,3,11,0
974,69310,95,Personal,7984,6,10,1,95,Personal,7984,6,10,1
975,25155,744,Student,8403,6,10,0,744,Student,8403,6,10,0
976,97832,808,Home,6339,7,7,1,808,Home,6339,7,7,1
977,79412,538,Personal,7339,5,5,0,538,Personal,7339,5,5,0
978,55804,586,Student,6594,4,10,1,586,Student,6594,4,10,1
979,18303,198,Home,9681,7,3,0,198,Home,9681,7,3,0
980,1660,192,Personal,8646,3,4,1,192,Personal,8646,3,4,1
981,69962,666,Student,6317,3,3,0,666,Student,6317,3,3,0
982,47160,279,Home,7182,2,5,0,279,Home,7182,2,5,0
983,82090,263,Personal,5317,5,3,0,263,Personal,5317,5,3,0
984,12416,996,Student,9175,7,7,1,996,Student,9175,7,7,1
985,83821,549,Home,8893,2,8,0,549,Home,8893,2,8,0
986,81090,898,Personal,5950,2,4,1,898,Personal,5950,2,4,1
987,95345,267,Student,5557,5,8,0,267,Student,5557,5,8,0
988,60819,138,Home,7608,5,12,0,138,Home,7608,5,12,0
989,18814,833,Personal,6903,2,7,1,833,Personal,6903,2,7,1
990,18627,515,Student,6729,5,5,1,515,Student,6729,5,5,1
991,40150,4,Home,5379,6,7,1,4,Home,5379,6,7,1
992,25881,408,Personal,8337,5,7,0,408,Personal,8337,5,7,0
993,66907,782,Student,7974,4,9,0,782,Student,7974,4,9,0
994,80422,945,Home,9277,2,5,1,945,Home,9277,2,5,1
995,77636,822,Personal,6791,3,11,0,822,Personal,6791,3,11,0
996,16401,603,Student,6888,5,1,1,603,Student,6888,5,1,1
997,1029,820,Home,6225,3,5,1,820,Home,6225,3,5,1
998,94178,849,Personal,7349,6,2,0,849,Personal,7349,6,2,0
999,24805,968,Student,7708,7,10,1,968,Student,7708,7,10,1
1000,88191,462,Home,9384,2,2,1,462,Home,9384,2,2,1
1001,30790,395,Personal,6839,6,6,0,395,Personal,6839,6,6,0
1002,10387,783,Student,5170,4,6,0,783,Student,5170,4,6,0
1003,47123,326,Home,7806,5,11,1,326,Home,7806,5,11,1
1004,90361,102,Personal,6523,3,12,1,102,Personal,6523,3,12,1
1005,39504,618,Student,9265,4,3,0,618,Student,9265,4,3,0
1006,99093,254,Home,7466,4,1,1,254,Home,7466,4,1,1
1007,25023,222,Personal,8412,3,5,0,222,Personal,8412,3,5,0
